#Onset,Duration,Annotation
2002-02-04T22:07:23.0000000,30,Wake
2002-02-04T22:07:53.0000000,30,Wake
2002-02-04T22:08:23.0000000,30,Wake
2002-02-04T22:08:53.0000000,30,Wake
2002-02-04T22:09:23.0000000,30,Wake
2002-02-04T22:09:53.0000000,30,Wake
2002-02-04T22:10:23.0000000,30,Wake
2002-02-04T22:10:53.0000000,30,Wake
2002-02-04T22:11:23.0000000,30,Wake
2002-02-04T22:11:53.0000000,30,Wake
2002-02-04T22:12:23.0000000,30,Wake
2002-02-04T22:12:53.0000000,30,Wake
2002-02-04T22:13:23.0000000,30,Wake
2002-02-04T22:13:53.0000000,30,Wake
2002-02-04T22:14:23.0000000,30,Wake
2002-02-04T22:14:53.0000000,30,Wake
2002-02-04T22:15:23.0000000,30,Wake
2002-02-04T22:15:53.0000000,30,Wake
2002-02-04T22:16:23.0000000,30,Wake
2002-02-04T22:16:53.0000000,30,Wake
2002-02-04T22:17:23.0000000,30,Wake
2002-02-04T22:17:53.0000000,30,Wake
2002-02-04T22:18:23.0000000,30,Wake
2002-02-04T22:18:53.0000000,30,Wake
2002-02-04T22:19:23.0000000,30,Wake
2002-02-04T22:19:53.0000000,30,Wake
2002-02-04T22:20:23.0000000,30,Wake
2002-02-04T22:20:53.0000000,30,Wake
2002-02-04T22:21:23.0000000,30,Wake
2002-02-04T22:21:53.0000000,30,Wake
2002-02-04T22:22:23.0000000,30,Wake
2002-02-04T22:22:53.0000000,30,Wake
2002-02-04T22:23:23.0000000,30,Wake
2002-02-04T22:23:53.0000000,30,Wake
2002-02-04T22:24:23.0000000,30,Wake
2002-02-04T22:24:53.0000000,30,Wake
2002-02-04T22:25:23.0000000,30,Wake
2002-02-04T22:25:53.0000000,30,Wake
2002-02-04T22:26:23.0000000,30,Wake
2002-02-04T22:26:53.0000000,30,Wake
2002-02-04T22:27:23.0000000,30,Wake
2002-02-04T22:27:53.0000000,30,Wake
2002-02-04T22:28:23.0000000,30,Wake
2002-02-04T22:28:53.0000000,30,Wake
2002-02-04T22:29:23.0000000,30,Wake
2002-02-04T22:29:53.0000000,30,Wake
2002-02-04T22:30:23.0000000,30,Wake
2002-02-04T22:30:53.0000000,30,Wake
2002-02-04T22:31:23.0000000,30,Wake
2002-02-04T22:31:53.0000000,30,Wake
2002-02-04T22:32:23.0000000,30,Wake
2002-02-04T22:32:53.0000000,30,Wake
2002-02-04T22:33:23.0000000,30,Wake
2002-02-04T22:33:53.0000000,30,Wake
2002-02-04T22:34:23.0000000,30,Wake
2002-02-04T22:34:53.0000000,30,Wake
2002-02-04T22:35:23.0000000,30,Wake
2002-02-04T22:35:53.0000000,30,Wake
2002-02-04T22:36:23.0000000,30,Wake
2002-02-04T22:36:53.0000000,30,Wake
2002-02-04T22:37:23.0000000,30,Wake
2002-02-04T22:37:53.0000000,30,Wake
2002-02-04T22:38:23.0000000,30,Wake
2002-02-04T22:38:53.0000000,30,Wake
2002-02-04T22:39:23.0000000,30,N1
2002-02-04T22:39:53.0000000,30,Wake
2002-02-04T22:40:23.0000000,30,N1
2002-02-04T22:40:53.0000000,30,Wake
2002-02-04T22:41:23.0000000,30,N1
2002-02-04T22:41:53.0000000,30,N1
2002-02-04T22:42:23.0000000,30,N1
2002-02-04T22:42:53.0000000,30,N1
2002-02-04T22:43:23.0000000,30,N1
2002-02-04T22:43:53.0000000,30,N1
2002-02-04T22:44:23.0000000,30,N1
2002-02-04T22:44:53.0000000,30,Wake
2002-02-04T22:45:23.0000000,30,N1
2002-02-04T22:45:53.0000000,30,N1
2002-02-04T22:46:23.0000000,30,N1
2002-02-04T22:46:53.0000000,30,N2
2002-02-04T22:47:23.0000000,30,N1
2002-02-04T22:47:53.0000000,30,N2
2002-02-04T22:48:23.0000000,30,N2
2002-02-04T22:48:53.0000000,30,N2
2002-02-04T22:49:23.0000000,30,N2
2002-02-04T22:49:53.0000000,30,N2
2002-02-04T22:50:23.0000000,30,N2
2002-02-04T22:50:53.0000000,30,Wake
2002-02-04T22:51:23.0000000,30,Wake
2002-02-04T22:51:53.0000000,30,Wake
2002-02-04T22:52:23.0000000,30,Wake
2002-02-04T22:52:53.0000000,30,Wake
2002-02-04T22:53:23.0000000,30,Wake
2002-02-04T22:53:53.0000000,30,Wake
2002-02-04T22:54:23.0000000,30,Wake
2002-02-04T22:54:53.0000000,30,Wake
2002-02-04T22:55:23.0000000,30,N1
2002-02-04T22:55:53.0000000,30,Wake
2002-02-04T22:56:23.0000000,30,Wake
2002-02-04T22:56:53.0000000,30,Wake
2002-02-04T22:57:23.0000000,30,Wake
2002-02-04T22:57:53.0000000,30,Wake
2002-02-04T22:58:23.0000000,30,Wake
2002-02-04T22:58:53.0000000,30,Wake
2002-02-04T22:59:23.0000000,30,Wake
2002-02-04T22:59:53.0000000,30,Wake
2002-02-04T23:00:23.0000000,30,Wake
2002-02-04T23:00:53.0000000,30,Wake
2002-02-04T23:01:23.0000000,30,Wake
2002-02-04T23:01:53.0000000,30,Wake
2002-02-04T23:02:23.0000000,30,Wake
2002-02-04T23:02:53.0000000,30,Wake
2002-02-04T23:03:23.0000000,30,Wake
2002-02-04T23:03:53.0000000,30,Wake
2002-02-04T23:04:23.0000000,30,Wake
2002-02-04T23:04:53.0000000,30,Wake
2002-02-04T23:05:23.0000000,30,Wake
2002-02-04T23:05:53.0000000,30,Wake
2002-02-04T23:06:23.0000000,30,Wake
2002-02-04T23:06:53.0000000,30,Wake
2002-02-04T23:07:23.0000000,30,Wake
2002-02-04T23:07:53.0000000,30,N1
2002-02-04T23:08:23.0000000,30,Wake
2002-02-04T23:08:53.0000000,30,Wake
2002-02-04T23:09:23.0000000,30,Wake
2002-02-04T23:09:53.0000000,30,Wake
2002-02-04T23:10:23.0000000,30,Wake
2002-02-04T23:10:53.0000000,30,Wake
2002-02-04T23:11:23.0000000,30,N1
2002-02-04T23:11:53.0000000,30,Wake
2002-02-04T23:12:23.0000000,30,N1
2002-02-04T23:12:53.0000000,30,N1
2002-02-04T23:13:23.0000000,30,N1
2002-02-04T23:13:53.0000000,30,N1
2002-02-04T23:14:23.0000000,30,N1
2002-02-04T23:14:53.0000000,30,N1
2002-02-04T23:15:23.0000000,30,Wake
2002-02-04T23:15:53.0000000,30,N1
2002-02-04T23:16:23.0000000,30,N1
2002-02-04T23:16:53.0000000,30,Wake
2002-02-04T23:17:23.0000000,30,Wake
2002-02-04T23:17:53.0000000,30,Wake
2002-02-04T23:18:23.0000000,30,N1
2002-02-04T23:18:53.0000000,30,N1
2002-02-04T23:19:23.0000000,30,N1
2002-02-04T23:19:53.0000000,30,N1
2002-02-04T23:20:23.0000000,30,N1
2002-02-04T23:20:53.0000000,30,N1
2002-02-04T23:21:23.0000000,30,N1
2002-02-04T23:21:53.0000000,30,N1
2002-02-04T23:22:23.0000000,30,N2
2002-02-04T23:22:53.0000000,30,N2
2002-02-04T23:23:23.0000000,30,N2
2002-02-04T23:23:53.0000000,30,N2
2002-02-04T23:24:23.0000000,30,N2
2002-02-04T23:24:53.0000000,30,N2
2002-02-04T23:25:23.0000000,30,N2
2002-02-04T23:25:53.0000000,30,N2
2002-02-04T23:26:23.0000000,30,N2
2002-02-04T23:26:53.0000000,30,N2
2002-02-04T23:27:23.0000000,30,N2
2002-02-04T23:27:53.0000000,30,N2
2002-02-04T23:28:23.0000000,30,N2
2002-02-04T23:28:53.0000000,30,N2
2002-02-04T23:29:23.0000000,30,N1
2002-02-04T23:29:53.0000000,30,N1
2002-02-04T23:30:23.0000000,30,N2
2002-02-04T23:30:53.0000000,30,N2
2002-02-04T23:31:23.0000000,30,N2
2002-02-04T23:31:53.0000000,30,N2
2002-02-04T23:32:23.0000000,30,N2
2002-02-04T23:32:53.0000000,30,N2
2002-02-04T23:33:23.0000000,30,N2
2002-02-04T23:33:53.0000000,30,N2
2002-02-04T23:34:23.0000000,30,???
2002-02-04T23:34:53.0000000,30,???
2002-02-04T23:35:23.0000000,30,???
2002-02-04T23:35:53.0000000,30,???
2002-02-04T23:36:23.0000000,30,???
2002-02-04T23:36:53.0000000,30,???
2002-02-04T23:37:23.0000000,30,???
2002-02-04T23:37:53.0000000,30,???
2002-02-04T23:38:23.0000000,30,???
2002-02-04T23:38:53.0000000,30,???
2002-02-04T23:39:23.0000000,30,???
2002-02-04T23:39:53.0000000,30,???
2002-02-04T23:40:23.0000000,30,???
2002-02-04T23:40:53.0000000,30,???
2002-02-04T23:41:23.0000000,30,???
2002-02-04T23:41:53.0000000,30,???
2002-02-04T23:42:23.0000000,30,???
2002-02-04T23:42:53.0000000,30,???
2002-02-04T23:43:23.0000000,30,???
2002-02-04T23:43:53.0000000,30,???
2002-02-04T23:44:23.0000000,30,???
2002-02-04T23:44:53.0000000,30,???
2002-02-04T23:45:23.0000000,30,???
2002-02-04T23:45:53.0000000,30,???
2002-02-04T23:46:23.0000000,30,???
2002-02-04T23:46:53.0000000,30,???
2002-02-04T23:47:23.0000000,30,???
2002-02-04T23:47:53.0000000,30,???
2002-02-04T23:48:23.0000000,30,???
2002-02-04T23:48:53.0000000,30,???
2002-02-04T23:49:23.0000000,30,???
2002-02-04T23:49:53.0000000,30,???
2002-02-04T23:50:23.0000000,30,N3
2002-02-04T23:50:53.0000000,30,N3
2002-02-04T23:51:23.0000000,30,N3
2002-02-04T23:51:53.0000000,30,N3
2002-02-04T23:52:23.0000000,30,N3
2002-02-04T23:52:53.0000000,30,N2
2002-02-04T23:53:23.0000000,30,N2
2002-02-04T23:53:53.0000000,30,N2
2002-02-04T23:54:23.0000000,30,N2
2002-02-04T23:54:53.0000000,30,N2
2002-02-04T23:55:23.0000000,30,N2
2002-02-04T23:55:53.0000000,30,N2
2002-02-04T23:56:23.0000000,30,N2
2002-02-04T23:56:53.0000000,30,N2
2002-02-04T23:57:23.0000000,30,N2
2002-02-04T23:57:53.0000000,30,N2
2002-02-04T23:58:23.0000000,30,N2
2002-02-04T23:58:53.0000000,30,Wake
2002-02-04T23:59:23.0000000,30,Wake
2002-02-04T23:59:53.0000000,30,Wake
2002-02-05T00:00:23.0000000,30,N1
2002-02-05T00:00:53.0000000,30,N1
2002-02-05T00:01:23.0000000,30,N1
2002-02-05T00:01:53.0000000,30,N1
2002-02-05T00:02:23.0000000,30,N1
2002-02-05T00:02:53.0000000,30,N1
2002-02-05T00:03:23.0000000,30,N2
2002-02-05T00:03:53.0000000,30,N2
2002-02-05T00:04:23.0000000,30,N2
2002-02-05T00:04:53.0000000,30,N2
2002-02-05T00:05:23.0000000,30,N2
2002-02-05T00:05:53.0000000,30,N2
2002-02-05T00:06:23.0000000,30,N2
2002-02-05T00:06:53.0000000,30,N2
2002-02-05T00:07:23.0000000,30,N2
2002-02-05T00:07:53.0000000,30,N2
2002-02-05T00:08:23.0000000,30,N2
2002-02-05T00:08:53.0000000,30,N2
2002-02-05T00:09:23.0000000,30,N2
2002-02-05T00:09:53.0000000,30,N2
2002-02-05T00:10:23.0000000,30,N2
2002-02-05T00:10:53.0000000,30,N2
2002-02-05T00:11:23.0000000,30,N2
2002-02-05T00:11:53.0000000,30,N2
2002-02-05T00:12:23.0000000,30,N2
2002-02-05T00:12:53.0000000,30,N2
2002-02-05T00:13:23.0000000,30,N2
2002-02-05T00:13:53.0000000,30,N2
2002-02-05T00:14:23.0000000,30,N2
2002-02-05T00:14:53.0000000,30,N2
2002-02-05T00:15:23.0000000,30,N2
2002-02-05T00:15:53.0000000,30,N2
2002-02-05T00:16:23.0000000,30,N2
2002-02-05T00:16:53.0000000,30,???
2002-02-05T00:17:23.0000000,30,???
2002-02-05T00:17:53.0000000,30,???
2002-02-05T00:18:23.0000000,30,???
2002-02-05T00:18:53.0000000,30,???
2002-02-05T00:19:23.0000000,30,???
2002-02-05T00:19:53.0000000,30,???
2002-02-05T00:20:23.0000000,30,???
2002-02-05T00:20:53.0000000,30,???
2002-02-05T00:21:23.0000000,30,???
2002-02-05T00:21:53.0000000,30,???
2002-02-05T00:22:23.0000000,30,???
2002-02-05T00:22:53.0000000,30,???
2002-02-05T00:23:23.0000000,30,???
2002-02-05T00:23:53.0000000,30,???
2002-02-05T00:24:23.0000000,30,???
2002-02-05T00:24:53.0000000,30,???
2002-02-05T00:25:23.0000000,30,???
2002-02-05T00:25:53.0000000,30,???
2002-02-05T00:26:23.0000000,30,???
2002-02-05T00:26:53.0000000,30,???
2002-02-05T00:27:23.0000000,30,???
2002-02-05T00:27:53.0000000,30,???
2002-02-05T00:28:23.0000000,30,???
2002-02-05T00:28:53.0000000,30,???
2002-02-05T00:29:23.0000000,30,???
2002-02-05T00:29:53.0000000,30,???
2002-02-05T00:30:23.0000000,30,???
2002-02-05T00:30:53.0000000,30,???
2002-02-05T00:31:23.0000000,30,???
2002-02-05T00:31:53.0000000,30,???
2002-02-05T00:32:23.0000000,30,???
2002-02-05T00:32:53.0000000,30,???
2002-02-05T00:33:23.0000000,30,???
2002-02-05T00:33:53.0000000,30,???
2002-02-05T00:34:23.0000000,30,???
2002-02-05T00:34:53.0000000,30,???
2002-02-05T00:35:23.0000000,30,???
2002-02-05T00:35:53.0000000,30,???
2002-02-05T00:36:23.0000000,30,???
2002-02-05T00:36:53.0000000,30,???
2002-02-05T00:37:23.0000000,30,???
2002-02-05T00:37:53.0000000,30,???
2002-02-05T00:38:23.0000000,30,???
2002-02-05T00:38:53.0000000,30,???
2002-02-05T00:39:23.0000000,30,???
2002-02-05T00:39:53.0000000,30,???
2002-02-05T00:40:23.0000000,30,???
2002-02-05T00:40:53.0000000,30,???
2002-02-05T00:41:23.0000000,30,???
2002-02-05T00:41:53.0000000,30,???
2002-02-05T00:42:23.0000000,30,???
2002-02-05T00:42:53.0000000,30,???
2002-02-05T00:43:23.0000000,30,???
2002-02-05T00:43:53.0000000,30,???
2002-02-05T00:44:23.0000000,30,???
2002-02-05T00:44:53.0000000,30,???
2002-02-05T00:45:23.0000000,30,???
2002-02-05T00:45:53.0000000,30,???
2002-02-05T00:46:23.0000000,30,???
2002-02-05T00:46:53.0000000,30,???
2002-02-05T00:47:23.0000000,30,???
2002-02-05T00:47:53.0000000,30,???
2002-02-05T00:48:23.0000000,30,???
2002-02-05T00:48:53.0000000,30,???
2002-02-05T00:49:23.0000000,30,???
2002-02-05T00:49:53.0000000,30,???
2002-02-05T00:50:23.0000000,30,???
2002-02-05T00:50:53.0000000,30,???
2002-02-05T00:51:23.0000000,30,???
2002-02-05T00:51:53.0000000,30,???
2002-02-05T00:52:23.0000000,30,???
2002-02-05T00:52:53.0000000,30,???
2002-02-05T00:53:23.0000000,30,???
2002-02-05T00:53:53.0000000,30,???
2002-02-05T00:54:23.0000000,30,???
2002-02-05T00:54:53.0000000,30,???
2002-02-05T00:55:23.0000000,30,???
2002-02-05T00:55:53.0000000,30,???
2002-02-05T00:56:23.0000000,30,???
2002-02-05T00:56:53.0000000,30,???
2002-02-05T00:57:23.0000000,30,???
2002-02-05T00:57:53.0000000,30,???
2002-02-05T00:58:23.0000000,30,???
2002-02-05T00:58:53.0000000,30,???
2002-02-05T00:59:23.0000000,30,???
2002-02-05T00:59:53.0000000,30,???
2002-02-05T01:00:23.0000000,30,???
2002-02-05T01:00:53.0000000,30,???
2002-02-05T01:01:23.0000000,30,???
2002-02-05T01:01:53.0000000,30,???
2002-02-05T01:02:23.0000000,30,???
2002-02-05T01:02:53.0000000,30,???
2002-02-05T01:03:23.0000000,30,???
2002-02-05T01:03:53.0000000,30,???
2002-02-05T01:04:23.0000000,30,???
2002-02-05T01:04:53.0000000,30,???
2002-02-05T01:05:23.0000000,30,???
2002-02-05T01:05:53.0000000,30,???
2002-02-05T01:06:23.0000000,30,???
2002-02-05T01:06:53.0000000,30,???
2002-02-05T01:07:23.0000000,30,???
2002-02-05T01:07:53.0000000,30,???
2002-02-05T01:08:23.0000000,30,???
2002-02-05T01:08:53.0000000,30,???
2002-02-05T01:09:23.0000000,30,???
2002-02-05T01:09:53.0000000,30,???
2002-02-05T01:10:23.0000000,30,???
2002-02-05T01:10:53.0000000,30,???
2002-02-05T01:11:23.0000000,30,???
2002-02-05T01:11:53.0000000,30,???
2002-02-05T01:12:23.0000000,30,???
2002-02-05T01:12:53.0000000,30,???
2002-02-05T01:13:23.0000000,30,???
2002-02-05T01:13:53.0000000,30,???
2002-02-05T01:14:23.0000000,30,???
2002-02-05T01:14:53.0000000,30,???
2002-02-05T01:15:23.0000000,30,???
2002-02-05T01:15:53.0000000,30,???
2002-02-05T01:16:23.0000000,30,???
2002-02-05T01:16:53.0000000,30,???
2002-02-05T01:17:23.0000000,30,???
2002-02-05T01:17:53.0000000,30,???
2002-02-05T01:18:23.0000000,30,???
2002-02-05T01:18:53.0000000,30,???
2002-02-05T01:19:23.0000000,30,???
2002-02-05T01:19:53.0000000,30,???
2002-02-05T01:20:23.0000000,30,???
2002-02-05T01:20:53.0000000,30,???
2002-02-05T01:21:23.0000000,30,???
2002-02-05T01:21:53.0000000,30,???
2002-02-05T01:22:23.0000000,30,???
2002-02-05T01:22:53.0000000,30,???
2002-02-05T01:23:23.0000000,30,???
2002-02-05T01:23:53.0000000,30,???
2002-02-05T01:24:23.0000000,30,???
2002-02-05T01:24:53.0000000,30,???
2002-02-05T01:25:23.0000000,30,???
2002-02-05T01:25:53.0000000,30,???
2002-02-05T01:26:23.0000000,30,???
2002-02-05T01:26:53.0000000,30,???
2002-02-05T01:27:23.0000000,30,???
2002-02-05T01:27:53.0000000,30,???
2002-02-05T01:28:23.0000000,30,???
2002-02-05T01:28:53.0000000,30,???
2002-02-05T01:29:23.0000000,30,???
2002-02-05T01:29:53.0000000,30,???
2002-02-05T01:30:23.0000000,30,???
2002-02-05T01:30:53.0000000,30,???
2002-02-05T01:31:23.0000000,30,???
2002-02-05T01:31:53.0000000,30,???
2002-02-05T01:32:23.0000000,30,???
2002-02-05T01:32:53.0000000,30,???
2002-02-05T01:33:23.0000000,30,???
2002-02-05T01:33:53.0000000,30,???
2002-02-05T01:34:23.0000000,30,???
2002-02-05T01:34:53.0000000,30,???
2002-02-05T01:35:23.0000000,30,???
2002-02-05T01:35:53.0000000,30,???
2002-02-05T01:36:23.0000000,30,???
2002-02-05T01:36:53.0000000,30,???
2002-02-05T01:37:23.0000000,30,???
2002-02-05T01:37:53.0000000,30,???
2002-02-05T01:38:23.0000000,30,???
2002-02-05T01:38:53.0000000,30,???
2002-02-05T01:39:23.0000000,30,???
2002-02-05T01:39:53.0000000,30,???
2002-02-05T01:40:23.0000000,30,???
2002-02-05T01:40:53.0000000,30,???
2002-02-05T01:41:23.0000000,30,???
2002-02-05T01:41:53.0000000,30,???
2002-02-05T01:42:23.0000000,30,???
2002-02-05T01:42:53.0000000,30,???
2002-02-05T01:43:23.0000000,30,???
2002-02-05T01:43:53.0000000,30,???
2002-02-05T01:44:23.0000000,30,???
2002-02-05T01:44:53.0000000,30,???
2002-02-05T01:45:23.0000000,30,???
2002-02-05T01:45:53.0000000,30,???
2002-02-05T01:46:23.0000000,30,???
2002-02-05T01:46:53.0000000,30,???
2002-02-05T01:47:23.0000000,30,???
2002-02-05T01:47:53.0000000,30,???
2002-02-05T01:48:23.0000000,30,???
2002-02-05T01:48:53.0000000,30,???
2002-02-05T01:49:23.0000000,30,???
2002-02-05T01:49:53.0000000,30,???
2002-02-05T01:50:23.0000000,30,???
2002-02-05T01:50:53.0000000,30,???
2002-02-05T01:51:23.0000000,30,???
2002-02-05T01:51:53.0000000,30,???
2002-02-05T01:52:23.0000000,30,???
2002-02-05T01:52:53.0000000,30,???
2002-02-05T01:53:23.0000000,30,???
2002-02-05T01:53:53.0000000,30,???
2002-02-05T01:54:23.0000000,30,???
2002-02-05T01:54:53.0000000,30,???
2002-02-05T01:55:23.0000000,30,???
2002-02-05T01:55:53.0000000,30,???
2002-02-05T01:56:23.0000000,30,???
2002-02-05T01:56:53.0000000,30,???
2002-02-05T01:57:23.0000000,30,???
2002-02-05T01:57:53.0000000,30,???
2002-02-05T01:58:23.0000000,30,???
2002-02-05T01:58:53.0000000,30,???
2002-02-05T01:59:23.0000000,30,???
2002-02-05T01:59:53.0000000,30,???
2002-02-05T02:00:23.0000000,30,???
2002-02-05T02:00:53.0000000,30,???
2002-02-05T02:01:23.0000000,30,???
2002-02-05T02:01:53.0000000,30,???
2002-02-05T02:02:23.0000000,30,???
2002-02-05T02:02:53.0000000,30,???
2002-02-05T02:03:23.0000000,30,???
2002-02-05T02:03:53.0000000,30,???
2002-02-05T02:04:23.0000000,30,???
2002-02-05T02:04:53.0000000,30,???
2002-02-05T02:05:23.0000000,30,???
2002-02-05T02:05:53.0000000,30,???
2002-02-05T02:06:23.0000000,30,???
2002-02-05T02:06:53.0000000,30,???
2002-02-05T02:07:23.0000000,30,???
2002-02-05T02:07:53.0000000,30,???
2002-02-05T02:08:23.0000000,30,???
2002-02-05T02:08:53.0000000,30,???
2002-02-05T02:09:23.0000000,30,???
2002-02-05T02:09:53.0000000,30,???
2002-02-05T02:10:23.0000000,30,???
2002-02-05T02:10:53.0000000,30,???
2002-02-05T02:11:23.0000000,30,???
2002-02-05T02:11:53.0000000,30,???
2002-02-05T02:12:23.0000000,30,???
2002-02-05T02:12:53.0000000,30,???
2002-02-05T02:13:23.0000000,30,???
2002-02-05T02:13:53.0000000,30,???
2002-02-05T02:14:23.0000000,30,???
2002-02-05T02:14:53.0000000,30,???
2002-02-05T02:15:23.0000000,30,???
2002-02-05T02:15:53.0000000,30,???
2002-02-05T02:16:23.0000000,30,???
2002-02-05T02:16:53.0000000,30,???
2002-02-05T02:17:23.0000000,30,???
2002-02-05T02:17:53.0000000,30,???
2002-02-05T02:18:23.0000000,30,???
2002-02-05T02:18:53.0000000,30,???
2002-02-05T02:19:23.0000000,30,???
2002-02-05T02:19:53.0000000,30,???
2002-02-05T02:20:23.0000000,30,???
2002-02-05T02:20:53.0000000,30,???
2002-02-05T02:21:23.0000000,30,???
2002-02-05T02:21:53.0000000,30,???
2002-02-05T02:22:23.0000000,30,???
2002-02-05T02:22:53.0000000,30,???
2002-02-05T02:23:23.0000000,30,???
2002-02-05T02:23:53.0000000,30,???
2002-02-05T02:24:23.0000000,30,???
2002-02-05T02:24:53.0000000,30,???
2002-02-05T02:25:23.0000000,30,???
2002-02-05T02:25:53.0000000,30,???
2002-02-05T02:26:23.0000000,30,???
2002-02-05T02:26:53.0000000,30,???
2002-02-05T02:27:23.0000000,30,???
2002-02-05T02:27:53.0000000,30,???
2002-02-05T02:28:23.0000000,30,???
2002-02-05T02:28:53.0000000,30,???
2002-02-05T02:29:23.0000000,30,???
2002-02-05T02:29:53.0000000,30,???
2002-02-05T02:30:23.0000000,30,???
2002-02-05T02:30:53.0000000,30,???
2002-02-05T02:31:23.0000000,30,???
2002-02-05T02:31:53.0000000,30,???
2002-02-05T02:32:23.0000000,30,???
2002-02-05T02:32:53.0000000,30,???
2002-02-05T02:33:23.0000000,30,???
2002-02-05T02:33:53.0000000,30,???
2002-02-05T02:34:23.0000000,30,???
2002-02-05T02:34:53.0000000,30,???
2002-02-05T02:35:23.0000000,30,???
2002-02-05T02:35:53.0000000,30,???
2002-02-05T02:36:23.0000000,30,???
2002-02-05T02:36:53.0000000,30,???
2002-02-05T02:37:23.0000000,30,???
2002-02-05T02:37:53.0000000,30,???
2002-02-05T02:38:23.0000000,30,???
2002-02-05T02:38:53.0000000,30,???
2002-02-05T02:39:23.0000000,30,???
2002-02-05T02:39:53.0000000,30,???
2002-02-05T02:40:23.0000000,30,???
2002-02-05T02:40:53.0000000,30,???
2002-02-05T02:41:23.0000000,30,???
2002-02-05T02:41:53.0000000,30,???
2002-02-05T02:42:23.0000000,30,???
2002-02-05T02:42:53.0000000,30,???
2002-02-05T02:43:23.0000000,30,???
2002-02-05T02:43:53.0000000,30,???
2002-02-05T02:44:23.0000000,30,???
2002-02-05T02:44:53.0000000,30,???
2002-02-05T02:45:23.0000000,30,???
2002-02-05T02:45:53.0000000,30,???
2002-02-05T02:46:23.0000000,30,???
2002-02-05T02:46:53.0000000,30,???
2002-02-05T02:47:23.0000000,30,???
2002-02-05T02:47:53.0000000,30,???
2002-02-05T02:48:23.0000000,30,???
2002-02-05T02:48:53.0000000,30,???
2002-02-05T02:49:23.0000000,30,???
2002-02-05T02:49:53.0000000,30,???
2002-02-05T02:50:23.0000000,30,???
2002-02-05T02:50:53.0000000,30,???
2002-02-05T02:51:23.0000000,30,???
2002-02-05T02:51:53.0000000,30,???
2002-02-05T02:52:23.0000000,30,???
2002-02-05T02:52:53.0000000,30,???
2002-02-05T02:53:23.0000000,30,???
2002-02-05T02:53:53.0000000,30,???
2002-02-05T02:54:23.0000000,30,???
2002-02-05T02:54:53.0000000,30,???
2002-02-05T02:55:23.0000000,30,???
2002-02-05T02:55:53.0000000,30,???
2002-02-05T02:56:23.0000000,30,???
2002-02-05T02:56:53.0000000,30,???
2002-02-05T02:57:23.0000000,30,???
2002-02-05T02:57:53.0000000,30,???
2002-02-05T02:58:23.0000000,30,???
2002-02-05T02:58:53.0000000,30,???
2002-02-05T02:59:23.0000000,30,???
2002-02-05T02:59:53.0000000,30,???
2002-02-05T03:00:23.0000000,30,???
2002-02-05T03:00:53.0000000,30,???
2002-02-05T03:01:23.0000000,30,???
2002-02-05T03:01:53.0000000,30,???
2002-02-05T03:02:23.0000000,30,???
2002-02-05T03:02:53.0000000,30,???
2002-02-05T03:03:23.0000000,30,???
2002-02-05T03:03:53.0000000,30,???
2002-02-05T03:04:23.0000000,30,???
2002-02-05T03:04:53.0000000,30,???
2002-02-05T03:05:23.0000000,30,???
2002-02-05T03:05:53.0000000,30,???
2002-02-05T03:06:23.0000000,30,???
2002-02-05T03:06:53.0000000,30,???
2002-02-05T03:07:23.0000000,30,???
2002-02-05T03:07:53.0000000,30,???
2002-02-05T03:08:23.0000000,30,???
2002-02-05T03:08:53.0000000,30,???
2002-02-05T03:09:23.0000000,30,???
2002-02-05T03:09:53.0000000,30,???
2002-02-05T03:10:23.0000000,30,???
2002-02-05T03:10:53.0000000,30,???
2002-02-05T03:11:23.0000000,30,???
2002-02-05T03:11:53.0000000,30,???
2002-02-05T03:12:23.0000000,30,???
2002-02-05T03:12:53.0000000,30,???
2002-02-05T03:13:23.0000000,30,???
2002-02-05T03:13:53.0000000,30,???
2002-02-05T03:14:23.0000000,30,???
2002-02-05T03:14:53.0000000,30,???
2002-02-05T03:15:23.0000000,30,???
2002-02-05T03:15:53.0000000,30,???
2002-02-05T03:16:23.0000000,30,???
2002-02-05T03:16:53.0000000,30,???
2002-02-05T03:17:23.0000000,30,???
2002-02-05T03:17:53.0000000,30,???
2002-02-05T03:18:23.0000000,30,???
2002-02-05T03:18:53.0000000,30,???
2002-02-05T03:19:23.0000000,30,???
2002-02-05T03:19:53.0000000,30,???
2002-02-05T03:20:23.0000000,30,???
2002-02-05T03:20:53.0000000,30,???
2002-02-05T03:21:23.0000000,30,???
2002-02-05T03:21:53.0000000,30,???
2002-02-05T03:22:23.0000000,30,???
2002-02-05T03:22:53.0000000,30,???
2002-02-05T03:23:23.0000000,30,???
2002-02-05T03:23:53.0000000,30,???
2002-02-05T03:24:23.0000000,30,???
2002-02-05T03:24:53.0000000,30,???
2002-02-05T03:25:23.0000000,30,???
2002-02-05T03:25:53.0000000,30,???
2002-02-05T03:26:23.0000000,30,???
2002-02-05T03:26:53.0000000,30,???
2002-02-05T03:27:23.0000000,30,???
2002-02-05T03:27:53.0000000,30,???
2002-02-05T03:28:23.0000000,30,???
2002-02-05T03:28:53.0000000,30,???
2002-02-05T03:29:23.0000000,30,???
2002-02-05T03:29:53.0000000,30,???
2002-02-05T03:30:23.0000000,30,???
2002-02-05T03:30:53.0000000,30,???
2002-02-05T03:31:23.0000000,30,???
2002-02-05T03:31:53.0000000,30,???
2002-02-05T03:32:23.0000000,30,???
2002-02-05T03:32:53.0000000,30,???
2002-02-05T03:33:23.0000000,30,???
2002-02-05T03:33:53.0000000,30,???
2002-02-05T03:34:23.0000000,30,???
2002-02-05T03:34:53.0000000,30,???
2002-02-05T03:35:23.0000000,30,???
2002-02-05T03:35:53.0000000,30,???
2002-02-05T03:36:23.0000000,30,???
2002-02-05T03:36:53.0000000,30,???
2002-02-05T03:37:23.0000000,30,???
2002-02-05T03:37:53.0000000,30,???
2002-02-05T03:38:23.0000000,30,???
2002-02-05T03:38:53.0000000,30,???
2002-02-05T03:39:23.0000000,30,???
2002-02-05T03:39:53.0000000,30,???
2002-02-05T03:40:23.0000000,30,???
2002-02-05T03:40:53.0000000,30,???
2002-02-05T03:41:23.0000000,30,???
2002-02-05T03:41:53.0000000,30,???
2002-02-05T03:42:23.0000000,30,???
2002-02-05T03:42:53.0000000,30,???
2002-02-05T03:43:23.0000000,30,???
2002-02-05T03:43:53.0000000,30,???
2002-02-05T03:44:23.0000000,30,???
2002-02-05T03:44:53.0000000,30,???
2002-02-05T03:45:23.0000000,30,???
2002-02-05T03:45:53.0000000,30,???
2002-02-05T03:46:23.0000000,30,???
2002-02-05T03:46:53.0000000,30,???
2002-02-05T03:47:23.0000000,30,???
2002-02-05T03:47:53.0000000,30,???
2002-02-05T03:48:23.0000000,30,???
2002-02-05T03:48:53.0000000,30,???
2002-02-05T03:49:23.0000000,30,???
2002-02-05T03:49:53.0000000,30,???
2002-02-05T03:50:23.0000000,30,???
2002-02-05T03:50:53.0000000,30,???
2002-02-05T03:51:23.0000000,30,???
2002-02-05T03:51:53.0000000,30,???
2002-02-05T03:52:23.0000000,30,???
2002-02-05T03:52:53.0000000,30,???
2002-02-05T03:53:23.0000000,30,???
2002-02-05T03:53:53.0000000,30,???
2002-02-05T03:54:23.0000000,30,???
2002-02-05T03:54:53.0000000,30,???
2002-02-05T03:55:23.0000000,30,???
2002-02-05T03:55:53.0000000,30,???
2002-02-05T03:56:23.0000000,30,???
2002-02-05T03:56:53.0000000,30,???
2002-02-05T03:57:23.0000000,30,???
2002-02-05T03:57:53.0000000,30,???
2002-02-05T03:58:23.0000000,30,???
2002-02-05T03:58:53.0000000,30,???
2002-02-05T03:59:23.0000000,30,???
2002-02-05T03:59:53.0000000,30,???
2002-02-05T04:00:23.0000000,30,???
2002-02-05T04:00:53.0000000,30,???
2002-02-05T04:01:23.0000000,30,???
2002-02-05T04:01:53.0000000,30,???
2002-02-05T04:02:23.0000000,30,???
2002-02-05T04:02:53.0000000,30,???
2002-02-05T04:03:23.0000000,30,???
2002-02-05T04:03:53.0000000,30,???
2002-02-05T04:04:23.0000000,30,???
2002-02-05T04:04:53.0000000,30,???
2002-02-05T04:05:23.0000000,30,???
2002-02-05T04:05:53.0000000,30,???
2002-02-05T04:06:23.0000000,30,???
2002-02-05T04:06:53.0000000,30,???
2002-02-05T04:07:23.0000000,30,???
2002-02-05T04:07:53.0000000,30,???
2002-02-05T04:08:23.0000000,30,???
2002-02-05T04:08:53.0000000,30,???
2002-02-05T04:09:23.0000000,30,???
2002-02-05T04:09:53.0000000,30,???
2002-02-05T04:10:23.0000000,30,???
2002-02-05T04:10:53.0000000,30,???
2002-02-05T04:11:23.0000000,30,???
2002-02-05T04:11:53.0000000,30,???
2002-02-05T04:12:23.0000000,30,???
2002-02-05T04:12:53.0000000,30,???
2002-02-05T04:13:23.0000000,30,???
2002-02-05T04:13:53.0000000,30,???
2002-02-05T04:14:23.0000000,30,???
2002-02-05T04:14:53.0000000,30,???
2002-02-05T04:15:23.0000000,30,???
2002-02-05T04:15:53.0000000,30,???
2002-02-05T04:16:23.0000000,30,???
2002-02-05T04:16:53.0000000,30,???
2002-02-05T04:17:23.0000000,30,???
2002-02-05T04:17:53.0000000,30,???
2002-02-05T04:18:23.0000000,30,???
2002-02-05T04:18:53.0000000,30,???
2002-02-05T04:19:23.0000000,30,???
2002-02-05T04:19:53.0000000,30,???
2002-02-05T04:20:23.0000000,30,???
2002-02-05T04:20:53.0000000,30,???
2002-02-05T04:21:23.0000000,30,???
2002-02-05T04:21:53.0000000,30,???
2002-02-05T04:22:23.0000000,30,???
2002-02-05T04:22:53.0000000,30,???
2002-02-05T04:23:23.0000000,30,???
2002-02-05T04:23:53.0000000,30,???
2002-02-05T04:24:23.0000000,30,???
2002-02-05T04:24:53.0000000,30,???
2002-02-05T04:25:23.0000000,30,???
2002-02-05T04:25:53.0000000,30,???
2002-02-05T04:26:23.0000000,30,???
2002-02-05T04:26:53.0000000,30,???
2002-02-05T04:27:23.0000000,30,???
2002-02-05T04:27:53.0000000,30,???
2002-02-05T04:28:23.0000000,30,???
2002-02-05T04:28:53.0000000,30,???
2002-02-05T04:29:23.0000000,30,???
2002-02-05T04:29:53.0000000,30,???
2002-02-05T04:30:23.0000000,30,???
2002-02-05T04:30:53.0000000,30,???
2002-02-05T04:31:23.0000000,30,???
2002-02-05T04:31:53.0000000,30,???
2002-02-05T04:32:23.0000000,30,???
2002-02-05T04:32:53.0000000,30,???
2002-02-05T04:33:23.0000000,30,???
2002-02-05T04:33:53.0000000,30,???
2002-02-05T04:34:23.0000000,30,???
2002-02-05T04:34:53.0000000,30,???
2002-02-05T04:35:23.0000000,30,???
2002-02-05T04:35:53.0000000,30,???
2002-02-05T04:36:23.0000000,30,???
2002-02-05T04:36:53.0000000,30,???
2002-02-05T04:37:23.0000000,30,???
2002-02-05T04:37:53.0000000,30,???
2002-02-05T04:38:23.0000000,30,???
2002-02-05T04:38:53.0000000,30,???
2002-02-05T04:39:23.0000000,30,???
2002-02-05T04:39:53.0000000,30,???
2002-02-05T04:40:23.0000000,30,???
2002-02-05T04:40:53.0000000,30,???
2002-02-05T04:41:23.0000000,30,???
2002-02-05T04:41:53.0000000,30,???
2002-02-05T04:42:23.0000000,30,???
2002-02-05T04:42:53.0000000,30,???
2002-02-05T04:43:23.0000000,30,???
2002-02-05T04:43:53.0000000,30,???
2002-02-05T04:44:23.0000000,30,???
2002-02-05T04:44:53.0000000,30,???
2002-02-05T04:45:23.0000000,30,???
2002-02-05T04:45:53.0000000,30,???
2002-02-05T04:46:23.0000000,30,???
2002-02-05T04:46:53.0000000,30,???
2002-02-05T04:47:23.0000000,30,???
2002-02-05T04:47:53.0000000,30,???
2002-02-05T04:48:23.0000000,30,???
2002-02-05T04:48:53.0000000,30,???
2002-02-05T04:49:23.0000000,30,???
2002-02-05T04:49:53.0000000,30,???
2002-02-05T04:50:23.0000000,30,???
2002-02-05T04:50:53.0000000,30,???
2002-02-05T04:51:23.0000000,30,???
2002-02-05T04:51:53.0000000,30,???
2002-02-05T04:52:23.0000000,30,???
2002-02-05T04:52:53.0000000,30,???
2002-02-05T04:53:23.0000000,30,???
2002-02-05T04:53:53.0000000,30,???
2002-02-05T04:54:23.0000000,30,???
2002-02-05T04:54:53.0000000,30,???
2002-02-05T04:55:23.0000000,30,???
2002-02-05T04:55:53.0000000,30,???
2002-02-05T04:56:23.0000000,30,???
2002-02-05T04:56:53.0000000,30,???
2002-02-05T04:57:23.0000000,30,???
2002-02-05T04:57:53.0000000,30,???
2002-02-05T04:58:23.0000000,30,???
2002-02-05T04:58:53.0000000,30,???
2002-02-05T04:59:23.0000000,30,???
2002-02-05T04:59:53.0000000,30,???
2002-02-05T05:00:23.0000000,30,???
2002-02-05T05:00:53.0000000,30,???
2002-02-05T05:01:23.0000000,30,???
2002-02-05T05:01:53.0000000,30,???
2002-02-05T05:02:23.0000000,30,???
2002-02-05T05:02:53.0000000,30,???
2002-02-05T05:03:23.0000000,30,???
2002-02-05T05:03:53.0000000,30,???
2002-02-05T05:04:23.0000000,30,???
2002-02-05T05:04:53.0000000,30,???
2002-02-05T05:05:23.0000000,30,???
2002-02-05T05:05:53.0000000,30,???
2002-02-05T05:06:23.0000000,30,???
2002-02-05T05:06:53.0000000,30,???
2002-02-05T05:07:23.0000000,30,???
2002-02-05T05:07:53.0000000,30,???
2002-02-05T05:08:23.0000000,30,???
2002-02-05T05:08:53.0000000,30,???
2002-02-05T05:09:23.0000000,30,???
2002-02-05T05:09:53.0000000,30,???
2002-02-05T05:10:23.0000000,30,???
2002-02-05T05:10:53.0000000,30,???
2002-02-05T05:11:23.0000000,30,???
2002-02-05T05:11:53.0000000,30,???
2002-02-05T05:12:23.0000000,30,???
2002-02-05T05:12:53.0000000,30,???
2002-02-05T05:13:23.0000000,30,???
2002-02-05T05:13:53.0000000,30,???
2002-02-05T05:14:23.0000000,30,???
2002-02-05T05:14:53.0000000,30,???
2002-02-05T05:15:23.0000000,30,???
2002-02-05T05:15:53.0000000,30,???
2002-02-05T05:16:23.0000000,30,???
2002-02-05T05:16:53.0000000,30,???
2002-02-05T05:17:23.0000000,30,???
2002-02-05T05:17:53.0000000,30,???
2002-02-05T05:18:23.0000000,30,???
2002-02-05T05:18:53.0000000,30,???
2002-02-05T05:19:23.0000000,30,???
2002-02-05T05:19:53.0000000,30,???
2002-02-05T05:20:23.0000000,30,???
2002-02-05T05:20:53.0000000,30,???
2002-02-05T05:21:23.0000000,30,???
2002-02-05T05:21:53.0000000,30,???
2002-02-05T05:22:23.0000000,30,???
2002-02-05T05:22:53.0000000,30,???
2002-02-05T05:23:23.0000000,30,???
2002-02-05T05:23:53.0000000,30,???
2002-02-05T05:24:23.0000000,30,???
2002-02-05T05:24:53.0000000,30,???
2002-02-05T05:25:23.0000000,30,???
2002-02-05T05:25:53.0000000,30,???
2002-02-05T05:26:23.0000000,30,???
2002-02-05T05:26:53.0000000,30,???
2002-02-05T05:27:23.0000000,30,???
2002-02-05T05:27:53.0000000,30,???
2002-02-05T05:28:23.0000000,30,???
2002-02-05T05:28:53.0000000,30,???
2002-02-05T05:29:23.0000000,30,???
2002-02-05T05:29:53.0000000,30,???
2002-02-05T05:30:23.0000000,30,???
2002-02-05T05:30:53.0000000,30,???
2002-02-05T05:31:23.0000000,30,???
2002-02-05T05:31:53.0000000,30,???
2002-02-05T05:32:23.0000000,30,???
2002-02-05T05:32:53.0000000,30,???
2002-02-05T05:33:23.0000000,30,???
2002-02-05T05:33:53.0000000,30,???
2002-02-05T05:34:23.0000000,30,???
2002-02-05T05:34:53.0000000,30,???
2002-02-05T05:35:23.0000000,30,???
2002-02-05T05:35:53.0000000,30,???
2002-02-05T05:36:23.0000000,30,???
2002-02-05T05:36:53.0000000,30,???
2002-02-05T05:37:23.0000000,30,???
2002-02-05T05:37:53.0000000,30,???
2002-02-05T05:38:23.0000000,30,???
2002-02-05T05:38:53.0000000,30,???
2002-02-05T05:39:23.0000000,30,???
2002-02-05T05:39:53.0000000,30,???
2002-02-05T05:40:23.0000000,30,???
2002-02-05T05:40:53.0000000,30,???
2002-02-05T05:41:23.0000000,30,???
2002-02-05T05:41:53.0000000,30,???
2002-02-05T05:42:23.0000000,30,???
2002-02-05T05:42:53.0000000,30,???
2002-02-05T05:43:23.0000000,30,???
2002-02-05T05:43:53.0000000,30,???
2002-02-05T05:44:23.0000000,30,???
2002-02-05T05:44:53.0000000,30,???
2002-02-05T05:45:23.0000000,30,???
2002-02-05T05:45:53.0000000,30,???
2002-02-05T05:46:23.0000000,30,???
2002-02-05T05:46:53.0000000,30,???
2002-02-05T05:47:23.0000000,30,???
2002-02-05T05:47:53.0000000,30,???
2002-02-05T05:48:23.0000000,30,???
2002-02-05T05:48:53.0000000,30,???
2002-02-05T05:49:23.0000000,30,???
2002-02-05T05:49:53.0000000,30,???
2002-02-05T05:50:23.0000000,30,???
2002-02-05T05:50:53.0000000,30,???
2002-02-05T05:51:23.0000000,30,???
2002-02-05T05:51:53.0000000,30,???
2002-02-05T05:52:23.0000000,30,???
2002-02-05T05:52:53.0000000,30,???
2002-02-05T05:53:23.0000000,30,???
2002-02-05T05:53:53.0000000,30,???
2002-02-05T05:54:23.0000000,30,???
2002-02-05T05:54:53.0000000,30,???
2002-02-05T05:55:23.0000000,30,???
2002-02-05T05:55:53.0000000,30,???
2002-02-05T05:56:23.0000000,30,???
2002-02-05T05:56:53.0000000,30,???
2002-02-05T05:57:23.0000000,30,???
2002-02-05T05:57:53.0000000,30,???
2002-02-05T05:58:23.0000000,30,???
2002-02-05T05:58:53.0000000,30,???
2002-02-05T05:59:23.0000000,30,???
2002-02-05T05:59:53.0000000,30,???
2002-02-05T06:00:23.0000000,30,???
2002-02-05T06:00:53.0000000,30,???
2002-02-05T06:01:23.0000000,30,???
2002-02-05T06:01:53.0000000,30,???
2002-02-05T06:02:23.0000000,30,???
2002-02-05T06:02:53.0000000,30,???
2002-02-05T06:03:23.0000000,30,???
2002-02-05T06:03:53.0000000,30,???
2002-02-05T06:04:23.0000000,30,???
2002-02-05T06:04:53.0000000,30,???
2002-02-05T06:05:23.0000000,30,???
2002-02-05T06:05:53.0000000,30,???
2002-02-05T06:06:23.0000000,30,???
2002-02-05T06:06:53.0000000,30,???
2002-02-05T06:07:23.0000000,30,???
2002-02-05T06:07:53.0000000,30,???
2002-02-05T06:08:23.0000000,30,???
2002-02-05T06:08:53.0000000,30,???
2002-02-05T06:09:23.0000000,30,???
2002-02-05T06:09:53.0000000,30,???
2002-02-05T06:10:23.0000000,30,???
2002-02-05T06:10:53.0000000,30,???
2002-02-05T06:11:23.0000000,30,???
2002-02-05T06:11:53.0000000,30,???
2002-02-05T06:12:23.0000000,30,???
2002-02-05T06:12:53.0000000,30,???
2002-02-05T06:13:23.0000000,30,???
2002-02-05T06:13:53.0000000,30,???
2002-02-05T06:14:23.0000000,30,???
2002-02-05T06:14:53.0000000,30,???
2002-02-05T06:15:23.0000000,30,???
2002-02-05T06:15:53.0000000,30,???
2002-02-05T06:16:23.0000000,30,???
2002-02-05T06:16:53.0000000,30,???
2002-02-05T06:17:23.0000000,30,???
2002-02-05T06:17:53.0000000,30,???
2002-02-05T06:18:23.0000000,30,???
2002-02-05T06:18:53.0000000,30,???
2002-02-05T06:19:23.0000000,30,???
2002-02-05T06:19:53.0000000,30,???
2002-02-05T06:20:23.0000000,30,???
2002-02-05T06:20:53.0000000,30,???
2002-02-05T06:21:23.0000000,30,???
2002-02-05T06:21:53.0000000,30,???
2002-02-05T06:22:23.0000000,30,???
2002-02-05T06:22:53.0000000,30,???
2002-02-05T06:23:23.0000000,30,???
2002-02-05T06:23:53.0000000,30,???
2002-02-05T06:24:23.0000000,30,???
2002-02-05T06:24:53.0000000,30,???
2002-02-05T06:25:23.0000000,30,???
2002-02-05T06:25:53.0000000,30,???
2002-02-05T06:26:23.0000000,30,???
2002-02-05T06:26:53.0000000,30,???
2002-02-05T06:27:23.0000000,30,???
2002-02-05T06:27:53.0000000,30,???
2002-02-05T06:28:23.0000000,30,???
2002-02-05T06:28:53.0000000,30,???
2002-02-05T06:29:23.0000000,30,???
2002-02-05T06:29:53.0000000,30,???
2002-02-05T06:30:23.0000000,30,???
2002-02-05T06:30:53.0000000,30,???
2002-02-05T06:31:23.0000000,30,???
2002-02-05T06:31:53.0000000,30,???
2002-02-05T06:32:23.0000000,30,???
2002-02-05T06:32:53.0000000,30,???
2002-02-05T06:33:23.0000000,30,???
2002-02-05T06:33:53.0000000,30,???
2002-02-05T06:34:23.0000000,30,???
2002-02-05T06:34:53.0000000,30,???
2002-02-05T06:35:23.0000000,30,???
2002-02-05T06:35:53.0000000,30,???
2002-02-05T06:36:23.0000000,30,???
2002-02-05T06:36:53.0000000,30,???
2002-02-05T06:37:23.0000000,30,???
2002-02-05T06:37:53.0000000,30,???
2002-02-05T06:38:23.0000000,30,???
2002-02-05T06:38:53.0000000,30,???
2002-02-05T06:39:23.0000000,30,???
2002-02-05T06:39:53.0000000,30,???
2002-02-05T06:40:23.0000000,30,???
2002-02-05T06:40:53.0000000,30,???
2002-02-05T06:41:23.0000000,30,???
2002-02-05T06:41:53.0000000,30,???
2002-02-05T06:42:23.0000000,30,???
2002-02-05T06:42:53.0000000,30,???
2002-02-05T06:43:23.0000000,30,???
2002-02-05T06:43:53.0000000,30,???
2002-02-05T06:44:23.0000000,30,Wake
2002-02-05T06:44:53.0000000,30,Wake
2002-02-05T06:45:23.0000000,30,Wake
2002-02-05T06:45:53.0000000,30,Wake
2002-02-05T06:46:23.0000000,30,Wake
